subjectGroup,browser,version,OS,OS_lang,GMT_timestamp,local_timestamp,link,calibration
"2",Chrome,87.0.4280.67,MacOS,en-US,2020-12-01_01:52:20,2020-11-30_17:52:20,https://www.testable.org/experiment/4058/666579/start?sona_id=65613,1

rowNo,randomBlock,if,then,stim1,stim2,key,type,head,stimFormat,stimPos,ITI,keyboard,button1,button2,responseType,responseOptions,responseRows,feedback,feedbackTime,feedbackOptions,required,pageBreak,pageName,subjectGroup,abstract_stim1,abstract_stim2,stimPos_actual,ITI_ms,ITI_f,ITI_fDuration,timestamp,response,RT,correct,responseCode
545,"0",1;2,end;+1,ugrad_consent3,"","",test,"",.png,"","","",Do not agree,Agree,"","","","","","","","","","2","","","","",0,0,52298,"2",1413,"",""
548,"1","","",SHINEd_melon,"",h,test,"",.png,0 50,"750",h g,"","","","","",correct: Correct.  They like to play Chess (H).; incorrect: Incorrect.  They like to play Chess (H).,"2000",sameScreen,"","","","2",alpha,none,0 50,750,0,0,62347,h,3660,"1",""
550,"2","","",SHINEd_pepper,"",g,test,"",.png,0 50,"750",h g,"","","","","",correct: Correct.  They like to play Go (G).; incorrect: Incorrect.  They like to play Go (G).,"2000",sameScreen,"","","","2",beta,none,0 50,750,0,0,67492,g,888,"1",""
555,"2","","",SHINEd_pepper,"",g,test,"",.png,0 50,"750",h g,"","","","","",correct: Correct.  They like to play Go (G).; incorrect: Incorrect.  They like to play Go (G).,"2000",sameScreen,"","","","2",beta,none,0 50,750,45,"16.67",72968,g,1226,"1",""
553,"1","","",SHINEd_melon,"",h,test,"",.png,0 50,"750",h g,"","","","","",correct: Correct.  They like to play Chess (H).; incorrect: Incorrect.  They like to play Chess (H).,"2000",sameScreen,"","","","2",alpha,none,0 50,750,45,"16.67",77896,h,687,"1",""
560,"2","","",SHINEd_pepper,"",g,test,"",.png,0 50,"750",h g,"","","","","",correct: Correct.  They like to play Go (G).; incorrect: Incorrect.  They like to play Go (G).,"2000",sameScreen,"","","","2",beta,none,0 50,750,45,"16.67",82581,g,431,"1",""
558,"1","","",SHINEd_melon,"",h,test,"",.png,0 50,"750",h g,"","","","","",correct: Correct.  They like to play Chess (H).; incorrect: Incorrect.  They like to play Chess (H).,"2000",sameScreen,"","","","2",alpha,none,0 50,750,45,"16.67",87799,h,967,"1",""
565,"2","","",SHINEd_pepper,"",g,test,"",.png,0 50,"750",h g,"","","","","",correct: Correct.  They like to play Go (G).; incorrect: Incorrect.  They like to play Go (G).,"2000",sameScreen,"","","","2",beta,none,0 50,750,45,"16.67",93013,g,956,"1",""
563,"1","","",SHINEd_melon,"",h,test,"",.png,0 50,"750",h g,"","","","","",correct: Correct.  They like to play Chess (H).; incorrect: Incorrect.  They like to play Chess (H).,"2000",sameScreen,"","","","2",alpha,none,0 50,750,45,"16.67",98888,h,1631,"1",""
570,"2","","",SHINEd_pepper,"",g,test,"",.png,0 50,"750",h g,"","","","","",correct: Correct.  They like to play Go (G).; incorrect: Incorrect.  They like to play Go (G).,"2000",sameScreen,"","","","2",beta,none,0 50,750,45,"16.67",103502,g,368,"1",""
568,"1","","",SHINEd_melon,"",h,test,"",.png,0 50,"750",h g,"","","","","",correct: Correct.  They like to play Chess (H).; incorrect: Incorrect.  They like to play Chess (H).,"2000",sameScreen,"","","","2",alpha,none,0 50,750,45,"16.67",108235,h,484,"1",""
573,"1","","",SHINEd_melon,"",h,test,"",.png,0 50,"750",h g,"","","","","",correct: Correct.  They like to play Chess (H).; incorrect: Incorrect.  They like to play Chess (H).,"2000",sameScreen,"","","","2",alpha,none,0 50,758,45,"16.67",112993,h,501,"1",""
575,"2","","",SHINEd_pepper,"",g,test,"",.png,0 50,"750",h g,"","","","","",correct: Correct.  They like to play Go (G).; incorrect: Incorrect.  They like to play Go (G).,"2000",sameScreen,"","","","2",beta,none,0 50,750,45,"16.67",117579,g,337,"1",""
580,"2","","","",SHINEd_pepper,g,test,"",.png,-200 50;200 50,"750",h g,"","","","","",correct: Correct.  They like to play Go (G).; incorrect: Incorrect.  They like to play Go (G).,"2000",sameScreen,"","","","2",none,beta,-200 50;200 50,750,45,"16.85",122783,g,958,"1",""
578,"1","","","",SHINEd_melon,h,test,"",.png,-200 50;200 50,"750",h g,"","","","","",correct: Correct.  They like to play Chess (H).; incorrect: Incorrect.  They like to play Chess (H).,"2000",sameScreen,"","","","2",none,alpha,-200 50;200 50,750,45,"16.67",127698,h,666,"1",""
583,"1","","",SHINEd_melon,"",h,test,"",.png,-200 50;200 50,"750",h g,"","","","","",correct: Correct.  They like to play Chess (H).; incorrect: Incorrect.  They like to play Chess (H).,"2000",sameScreen,"","","","2",alpha,none,-200 50;200 50,750,45,"16.67",132693,h,744,"1",""
585,"2","","",SHINEd_pepper,"",g,test,"",.png,-200 50;200 50,"750",h g,"","","","","",correct: Correct.  They like to play Go (G).; incorrect: Incorrect.  They like to play Go (G).,"2000",sameScreen,"","","","2",beta,none,-200 50;200 50,750,45,"16.67",137859,g,919,"1",""
588,"1","","","",SHINEd_melon,h,test,"",.png,-200 50;200 50,"750",h g,"","","","","",correct: Correct.  They like to play Chess (H).; incorrect: Incorrect.  They like to play Chess (H).,"2000",sameScreen,"","","","2",none,alpha,-200 50;200 50,750,45,"16.67",142524,h,418,"1",""
590,"2","","","",SHINEd_pepper,g,test,"",.png,-200 50;200 50,"750",h g,"","","","","",correct: Correct.  They like to play Go (G).; incorrect: Incorrect.  They like to play Go (G).,"2000",sameScreen,"","","","2",none,beta,-200 50;200 50,750,45,"16.67",147367,g,603,"1",""
593,"1","","",SHINEd_melon,"",h,test,"",.png,-200 50;200 50,"750",h g,"","","","","",correct: Correct.  They like to play Chess (H).; incorrect: Incorrect.  They like to play Chess (H).,"2000",sameScreen,"","","","2",alpha,none,-200 50;200 50,750,45,"16.67",152214,h,600,"1",""
595,"2","","",SHINEd_pepper,"",g,test,"",.png,-200 50;200 50,"750",h g,"","","","","",correct: Correct.  They like to play Go (G).; incorrect: Incorrect.  They like to play Go (G).,"2000",sameScreen,"","","","2",beta,none,-200 50;200 50,750,45,"16.67",157330,g,862,"1",""
598,"1","","","",SHINEd_melon,h,test,"",.png,-200 50;200 50,"750",h g,"","","","","",correct: Correct.  They like to play Chess (H).; incorrect: Incorrect.  They like to play Chess (H).,"2000",sameScreen,"","","","2",none,alpha,-200 50;200 50,750,45,"16.67",162320,h,752,"1",""
600,"2","","","",SHINEd_pepper,g,test,"",.png,-200 50;200 50,"750",h g,"","","","","",correct: Correct.  They like to play Go (G).; incorrect: Incorrect.  They like to play Go (G).,"2000",sameScreen,"","","","2",none,beta,-200 50;200 50,750,45,"16.67",167307,g,735,"1",""
603,"1","","",SHINEd_melon,"",h,test,"",.png,-200 50;200 50,"750",h g,"","","","","",correct: Correct.  They like to play Chess (H).; incorrect: Incorrect.  They like to play Chess (H).,"2000",sameScreen,"","","","2",alpha,none,-200 50;200 50,750,45,"16.67",172188,h,633,"1",""
605,"2","","",SHINEd_pepper,"",g,test,"",.png,-200 50;200 50,"750",h g,"","","","","",correct: Correct.  They like to play Go (G).; incorrect: Incorrect.  They like to play Go (G).,"2000",sameScreen,"","","","2",beta,none,-200 50;200 50,757,45,"16.67",176899,g,454,"1",""
612,"3","","",SHINEd_lemon,SHINEd_pepper,g,test,"",.png,-200 50;200 50,"750",h g,"","","","","",correct: Correct.  They like to play Go (G).; incorrect: Incorrect.  They like to play Go (G).,"2000",sameScreen,"","","","2",theta,beta,-200 50;200 50,750,45,"16.67",183223,g,2077,"1",""
614,"4","","",SHINEd_pepper,SHINEd_berry2,g,test,"",.png,-200 50;200 50,"750",h g,"","","","","",correct: Correct.  They like to play Go (G).; incorrect: Incorrect.  They like to play Go (G).,"2000",sameScreen,"","","","2",beta,phi,-200 50;200 50,756,45,"16.83",188287,g,820,"1",""
608,"1","","",SHINEd_lemon,SHINEd_melon,h,test,"",.png,-200 50;200 50,"750",h g,"","","","","",correct: Correct.  They like to play Chess (H).; incorrect: Incorrect.  They like to play Chess (H).,"2000",sameScreen,"","","","2",theta,alpha,-200 50;200 50,750,45,"16.67",193910,h,1376,"1",""
610,"2","","",SHINEd_melon,SHINEd_berry2,h,test,"",.png,-200 50;200 50,"750",h g,"","","","","",correct: Correct.  They like to play Chess (H).; incorrect: Incorrect.  They like to play Chess (H).,"2000",sameScreen,"","","","2",alpha,phi,-200 50;200 50,743,45,"16.80",199146,h,1003,"1",""
617,"1","","",SHINEd_melon,SHINEd_lemon,h,test,"",.png,-200 50;200 50,"750",h g,"","","","","",correct: Correct.  They like to play Chess (H).; incorrect: Incorrect.  They like to play Chess (H).,"2000",sameScreen,"","","","2",alpha,theta,-200 50;200 50,750,45,"16.67",204178,h,785,"1",""
619,"2","","",SHINEd_berry2,SHINEd_melon,h,test,"",.png,-200 50;200 50,"750",h g,"","","","","",correct: Correct.  They like to play Chess (H).; incorrect: Incorrect.  They like to play Chess (H).,"2000",sameScreen,"","","","2",phi,alpha,-200 50;200 50,758,45,"16.51",209171,h,737,"1",""
621,"3","","",SHINEd_pepper,SHINEd_lemon,g,test,"",.png,-200 50;200 50,"750",h g,"","","","","",correct: Correct.  They like to play Go (G).; incorrect: Incorrect.  They like to play Go (G).,"2000",sameScreen,"","","","2",beta,theta,-200 50;200 50,750,45,"16.67",214223,g,805,"1",""
623,"4","","",SHINEd_berry2,SHINEd_pepper,g,test,"",.png,-200 50;200 50,"750",h g,"","","","","",correct: Correct.  They like to play Go (G).; incorrect: Incorrect.  They like to play Go (G).,"2000",sameScreen,"","","","2",phi,beta,-200 50;200 50,758,46,"16.49",219871,g,1396,"1",""
626,"1","","",SHINEd_lemon,SHINEd_melon,h,test,"",.png,-200 50;200 50,"750",h g,"","","","","",correct: Correct.  They like to play Chess (H).; incorrect: Incorrect.  They like to play Chess (H).,"2000",sameScreen,"","","","2",theta,alpha,-200 50;200 50,750,45,"16.67",225104,h,979,"1",""
632,"4","","",SHINEd_pepper,SHINEd_berry2,g,test,"",.png,-200 50;200 50,"750",h g,"","","","","",correct: Correct.  They like to play Go (G).; incorrect: Incorrect.  They like to play Go (G).,"2000",sameScreen,"","","","2",beta,phi,-200 50;200 50,758,46,"16.49",230292,g,926,"1",""
630,"3","","",SHINEd_lemon,SHINEd_pepper,g,test,"",.png,-200 50;200 50,"750",h g,"","","","","",correct: Correct.  They like to play Go (G).; incorrect: Incorrect.  They like to play Go (G).,"2000",sameScreen,"","","","2",theta,beta,-200 50;200 50,750,45,"16.67",235902,g,1369,"1",""
628,"2","","",SHINEd_melon,SHINEd_berry2,h,test,"",.png,-200 50;200 50,"750",h g,"","","","","",correct: Correct.  They like to play Chess (H).; incorrect: Incorrect.  They like to play Chess (H).,"2000",sameScreen,"","","","2",alpha,phi,-200 50;200 50,742,45,"16.85",240800,h,659,"1",""
641,"4","","",SHINEd_berry2,SHINEd_pepper,g,test,"",.png,-200 50;200 50,"750",h g,"","","","","",correct: Correct.  They like to play Go (G).; incorrect: Incorrect.  They like to play Go (G).,"2000",sameScreen,"","","","2",phi,beta,-200 50;200 50,750,45,"16.67",245691,g,633,"1",""
639,"3","","",SHINEd_pepper,SHINEd_lemon,g,test,"",.png,-200 50;200 50,"750",h g,"","","","","",correct: Correct.  They like to play Go (G).; incorrect: Incorrect.  They like to play Go (G).,"2000",sameScreen,"","","","2",beta,theta,-200 50;200 50,750,45,"16.49",250453,g,512,"1",""
635,"1","","",SHINEd_melon,SHINEd_lemon,h,test,"",.png,-200 50;200 50,"750",h g,"","","","","",correct: Correct.  They like to play Chess (H).; incorrect: Incorrect.  They like to play Chess (H).,"2000",sameScreen,"","","","2",alpha,theta,-200 50;200 50,750,45,"16.67",256386,h,1683,"1",""
637,"2","","",SHINEd_berry2,SHINEd_melon,h,test,"",.png,-200 50;200 50,"750",h g,"","","","","",correct: Correct.  They like to play Chess (H).; incorrect: Incorrect.  They like to play Chess (H).,"2000",sameScreen,"","","","2",phi,alpha,-200 50;200 50,750,45,"16.67",261136,h,501,"1",""
648,"3","","",SHINEd_lemon,SHINEd_pepper,g,test,"",.png,-200 50;200 50,"750",h g,"","","","","",correct: Correct.  They like to play Go (G).; incorrect: Incorrect.  They like to play Go (G).,"2000",sameScreen,"","","","2",theta,beta,-200 50;200 50,750,45,"16.67",265789,g,412,"1",""
644,"1","","",SHINEd_lemon,SHINEd_melon,h,test,"",.png,-200 50;200 50,"750",h g,"","","","","",correct: Correct.  They like to play Chess (H).; incorrect: Incorrect.  They like to play Chess (H).,"2000",sameScreen,"","","","2",theta,alpha,-200 50;200 50,750,45,"16.67",270763,h,721,"1",""
650,"4","","",SHINEd_pepper,SHINEd_berry2,g,test,"",.png,-200 50;200 50,"750",h g,"","","","","",correct: Correct.  They like to play Go (G).; incorrect: Incorrect.  They like to play Go (G).,"2000",sameScreen,"","","","2",beta,phi,-200 50;200 50,750,45,"16.67",275899,g,881,"1",""
646,"2","","",SHINEd_melon,SHINEd_berry2,h,test,"",.png,-200 50;200 50,"750",h g,"","","","","",correct: Correct.  They like to play Chess (H).; incorrect: Incorrect.  They like to play Chess (H).,"2000",sameScreen,"","","","2",alpha,phi,-200 50;200 50,750,45,"16.67",280944,h,793,"1",""
653,"1","","",SHINEd_melon,SHINEd_lemon,h,test,"",.png,-200 50;200 50,"750",h g,"","","","","",correct: Correct.  They like to play Chess (H).; incorrect: Incorrect.  They like to play Chess (H).,"2000",sameScreen,"","","","2",alpha,theta,-200 50;200 50,750,45,"16.67",285943,h,751,"1",""
659,"4","","",SHINEd_berry2,SHINEd_pepper,g,test,"",.png,-200 50;200 50,"750",h g,"","","","","",correct: Correct.  They like to play Go (G).; incorrect: Incorrect.  They like to play Go (G).,"2000",sameScreen,"","","","2",phi,beta,-200 50;200 50,750,45,"16.67",291538,g,1347,"1",""
655,"2","","",SHINEd_berry2,SHINEd_melon,h,test,"",.png,-200 50;200 50,"750",h g,"","","","","",correct: Correct.  They like to play Chess (H).; incorrect: Incorrect.  They like to play Chess (H).,"2000",sameScreen,"","","","2",phi,alpha,-200 50;200 50,750,45,"16.67",296848,h,1065,"1",""
657,"3","","",SHINEd_pepper,SHINEd_lemon,g,test,"",.png,-200 50;200 50,"750",h g,"","","","","",correct: Correct.  They like to play Go (G).; incorrect: Incorrect.  They like to play Go (G).,"2000",sameScreen,"","","","2",beta,theta,-200 50;200 50,750,45,"16.67",301948,g,848,"1",""
671,"5","","",27M_AN_C,22M_NE_C,l,test,"",.png,0 50,"750",l o,"","","","","",correct: Correct.  They like to play Life (L).; incorrect: Incorrect.  They like to play Life (L).,"2000",sameScreen,"","","","2",T3,B3,0 50,750,45,"16.67",314976,l,4171,"1",""
667,"3","","",20M_AN_C,45M_NE_C,o,test,"",.png,0 50,"750",l o,"","","","","",correct: Correct.  They like to play Operation (O).; incorrect: Incorrect.  They like to play Operation (O).,"2000",sameScreen,"","","","2",T1,B2,0 50,750,45,"16.67",320338,o,1108,"1",""
663,"1","","",31M_NE_C,20M_AN_C,l,test,"",.png,0 50,"750",l o,"","","","","",correct: Correct.  They like to play Life (L).; incorrect: Incorrect.  They like to play Life (L).,"2000",sameScreen,"","","","2",B1,T1,0 50,758,45,"16.67",325949,o,1360,"0",""
669,"4","","",45M_NE_C,26M_AN_C,o,test,"",.png,0 50,"750",l o,"","","","","",correct: Correct.  They like to play Operation (O).; incorrect: Incorrect.  They like to play Operation (O).,"2000",sameScreen,"","","","2",B2,T2,0 50,750,45,"16.67",332111,o,1923,"1",""
675,"7","","",22M_NE_C,33M_AN_C,o,test,"",.png,0 50,"750",l o,"","","","","",correct: Correct.  They like to play Operation (O).; incorrect: Incorrect.  They like to play Operation (O).,"2000",sameScreen,"","","","2",B3,T4,0 50,748,45,"16.85",337253,l,901,"0",""
673,"6","","",36M_NE_C,27M_AN_C,l,test,"",.png,0 50,"750",l o,"","","","","",correct: Correct.  They like to play Life (L).; incorrect: Incorrect.  They like to play Life (L).,"2000",sameScreen,"","","","2",B4,T3,0 50,750,45,"16.67",343134,l,1631,"1",""
677,"8","","",33M_AN_C,36M_NE_C,o,test,"",.png,0 50,"750",l o,"","","","","",correct: Correct.  They like to play Operation (O).; incorrect: Incorrect.  They like to play Operation (O).,"2000",sameScreen,"","","","2",T4,B4,0 50,758,45,"16.62",350302,l,2909,"0",""
665,"2","","",26M_AN_C,31M_NE_C,l,test,"",.png,0 50,"750",l o,"","","","","",correct: Correct.  They like to play Life (L).; incorrect: Incorrect.  They like to play Life (L).,"2000",sameScreen,"","","","2",T2,B1,0 50,750,45,"16.67",356666,o,2124,"0",""
690,"6","","",27M_AN_C,36M_NE_C,l,test,"",.png,0 50,"750",l o,"","","","","",correct: Correct.  They like to play Life (L).; incorrect: Incorrect.  They like to play Life (L).,"2000",sameScreen,"","","","2",T3,B4,0 50,750,45,"16.85",363460,l,2545,"1",""
684,"3","","",45M_NE_C,20M_AN_C,o,test,"",.png,0 50,"750",l o,"","","","","",correct: Correct.  They like to play Operation (O).; incorrect: Incorrect.  They like to play Operation (O).,"2000",sameScreen,"","","","2",B2,T1,0 50,750,45,"16.67",369875,o,2159,"1",""
680,"1","","",20M_AN_C,31M_NE_C,l,test,"",.png,0 50,"750",l o,"","","","","",correct: Correct.  They like to play Life (L).; incorrect: Incorrect.  They like to play Life (L).,"2000",sameScreen,"","","","2",T1,B1,0 50,750,45,"16.67",376687,o,2564,"0",""
694,"8","","",36M_NE_C,33M_AN_C,o,test,"",.png,0 50,"750",l o,"","","","","",correct: Correct.  They like to play Operation (O).; incorrect: Incorrect.  They like to play Operation (O).,"2000",sameScreen,"","","","2",B4,T4,0 50,756,45,"16.67",383683,l,2737,"0",""
688,"5","","",22M_NE_C,27M_AN_C,l,test,"",.png,0 50,"750",l o,"","","","","",correct: Correct.  They like to play Life (L).; incorrect: Incorrect.  They like to play Life (L).,"2000",sameScreen,"","","","2",B3,T3,0 50,750,45,"16.67",406642,l,18714,"1",""
686,"4","","",26M_AN_C,45M_NE_C,o,test,"",.png,0 50,"750",l o,"","","","","",correct: Correct.  They like to play Operation (O).; incorrect: Incorrect.  They like to play Operation (O).,"2000",sameScreen,"","","","2",T2,B2,0 50,750,45,"16.81",417283,o,6387,"1",""
682,"2","","",31M_NE_C,26M_AN_C,l,test,"",.png,0 50,"750",l o,"","","","","",correct: Correct.  They like to play Life (L).; incorrect: Incorrect.  They like to play Life (L).,"2000",sameScreen,"","","","2",B1,T2,0 50,750,45,"16.67",423076,o,1540,"0",""
692,"7","","",33M_AN_C,22M_NE_C,o,test,"",.png,0 50,"750",l o,"","","","","",correct: Correct.  They like to play Operation (O).; incorrect: Incorrect.  They like to play Operation (O).,"2000",sameScreen,"","","","2",T4,B3,0 50,750,45,"16.67",433685,l,6365,"0",""
709,"7","","",22M_NE_C,33M_AN_C,o,test,"",.png,0 50,"750",l o,"","","","","",correct: Correct.  They like to play Operation (O).; incorrect: Incorrect.  They like to play Operation (O).,"2000",sameScreen,"","","","2",B3,T4,0 50,750,45,"16.67",441678,l,3751,"0",""
711,"8","","",33M_AN_C,36M_NE_C,o,test,"",.png,0 50,"750",l o,"","","","","",correct: Correct.  They like to play Operation (O).; incorrect: Incorrect.  They like to play Operation (O).,"2000",sameScreen,"","","","2",T4,B4,0 50,750,45,"16.67",447302,l,1369,"0",""
699,"2","","",26M_AN_C,31M_NE_C,l,test,"",.png,0 50,"750",l o,"","","","","",correct: Correct.  They like to play Life (L).; incorrect: Incorrect.  They like to play Life (L).,"2000",sameScreen,"","","","2",T2,B1,0 50,745,45,"16.67",459635,l,8089,"1",""
697,"1","","",31M_NE_C,20M_AN_C,l,test,"",.png,0 50,"750",l o,"","","","","",correct: Correct.  They like to play Life (L).; incorrect: Incorrect.  They like to play Life (L).,"2000",sameScreen,"","","","2",B1,T1,0 50,750,45,"16.67",465933,o,2046,"0",""
705,"5","","",27M_AN_C,22M_NE_C,l,test,"",.png,0 50,"750",l o,"","","","","",correct: Correct.  They like to play Life (L).; incorrect: Incorrect.  They like to play Life (L).,"2000",sameScreen,"","","","2",T3,B3,0 50,750,45,"16.57",473099,l,2912,"1",""
701,"3","","",20M_AN_C,45M_NE_C,o,test,"",.png,0 50,"750",l o,"","","","","",correct: Correct.  They like to play Operation (O).; incorrect: Incorrect.  They like to play Operation (O).,"2000",sameScreen,"","","","2",T1,B2,0 50,750,45,"16.67",482062,o,4721,"1",""
707,"6","","",36M_NE_C,27M_AN_C,l,test,"",.png,0 50,"750",l o,"","","","","",correct: Correct.  They like to play Life (L).; incorrect: Incorrect.  They like to play Life (L).,"2000",sameScreen,"","","","2",B4,T3,0 50,750,45,"16.67",488167,l,1852,"1",""
703,"4","","",45M_NE_C,26M_AN_C,o,test,"",.png,0 50,"750",l o,"","","","","",correct: Correct.  They like to play Operation (O).; incorrect: Incorrect.  They like to play Operation (O).,"2000",sameScreen,"","","","2",B2,T2,0 50,750,45,"16.67",493941,o,1526,"1",""
724,"6","","",27M_AN_C,36M_NE_C,l,test,"",.png,0 50,"750",l o,"","","","","",correct: Correct.  They like to play Life (L).; incorrect: Incorrect.  They like to play Life (L).,"2000",sameScreen,"","","","2",T3,B4,0 50,750,45,"16.67",499938,l,1748,"1",""
718,"3","","",45M_NE_C,20M_AN_C,o,test,"",.png,0 50,"750",l o,"","","","","",correct: Correct.  They like to play Operation (O).; incorrect: Incorrect.  They like to play Operation (O).,"2000",sameScreen,"","","","2",B2,T1,0 50,750,45,"16.67",510870,o,6681,"1",""
714,"1","","",20M_AN_C,31M_NE_C,l,test,"",.png,0 50,"750",l o,"","","","","",correct: Correct.  They like to play Life (L).; incorrect: Incorrect.  They like to play Life (L).,"2000",sameScreen,"","","","2",T1,B1,0 50,750,45,"16.67",521384,o,6275,"0",""
722,"5","","",22M_NE_C,27M_AN_C,l,test,"",.png,0 50,"750",l o,"","","","","",correct: Correct.  They like to play Life (L).; incorrect: Incorrect.  They like to play Life (L).,"2000",sameScreen,"","","","2",B3,T3,0 50,750,45,"16.67",527029,l,1393,"1",""
726,"7","","",33M_AN_C,22M_NE_C,o,test,"",.png,0 50,"750",l o,"","","","","",correct: Correct.  They like to play Operation (O).; incorrect: Incorrect.  They like to play Operation (O).,"2000",sameScreen,"","","","2",T4,B3,0 50,750,45,"16.67",533324,l,2046,"0",""
720,"4","","",26M_AN_C,45M_NE_C,o,test,"",.png,0 50,"750",l o,"","","","","",correct: Correct.  They like to play Operation (O).; incorrect: Incorrect.  They like to play Operation (O).,"2000",sameScreen,"","","","2",T2,B2,0 50,755,45,"16.67",539165,o,1582,"1",""
716,"2","","",31M_NE_C,26M_AN_C,l,test,"",.png,0 50,"750",l o,"","","","","",correct: Correct.  They like to play Life (L).; incorrect: Incorrect.  They like to play Life (L).,"2000",sameScreen,"","","","2",B1,T2,0 50,750,45,"16.67",546287,o,2870,"0",""
728,"8","","",36M_NE_C,33M_AN_C,o,test,"",.png,0 50,"750",l o,"","","","","",correct: Correct.  They like to play Operation (O).; incorrect: Incorrect.  They like to play Operation (O).,"2000",sameScreen,"","","","2",B4,T4,0 50,750,45,"16.77",551808,l,1268,"0",""
735,"3","","",20M_AN_C,45M_NE_C,o,test,"",.png,0 50,"750",l o,"","","","","",correct: Correct.  They like to play Operation (O).; incorrect: Incorrect.  They like to play Operation (O).,"2000",sameScreen,"","","","2",T1,B2,0 50,750,45,"16.67",559217,o,3161,"1",""
741,"6","","",36M_NE_C,27M_AN_C,l,test,"",.png,0 50,"750",l o,"","","","","",correct: Correct.  They like to play Life (L).; incorrect: Incorrect.  They like to play Life (L).,"2000",sameScreen,"","","","2",B4,T3,0 50,750,45,"16.67",565103,l,1651,"1",""
739,"5","","",27M_AN_C,22M_NE_C,l,test,"",.png,0 50,"750",l o,"","","","","",correct: Correct.  They like to play Life (L).; incorrect: Incorrect.  They like to play Life (L).,"2000",sameScreen,"","","","2",T3,B3,0 50,750,45,"16.67",571235,l,1884,"1",""
743,"7","","",22M_NE_C,33M_AN_C,o,test,"",.png,0 50,"750",l o,"","","","","",correct: Correct.  They like to play Operation (O).; incorrect: Incorrect.  They like to play Operation (O).,"2000",sameScreen,"","","","2",B3,T4,0 50,750,45,"16.67",578980,o,3502,"1",""
733,"2","","",26M_AN_C,31M_NE_C,l,test,"",.png,0 50,"750",l o,"","","","","",correct: Correct.  They like to play Life (L).; incorrect: Incorrect.  They like to play Life (L).,"2000",sameScreen,"","","","2",T2,B1,0 50,757,45,"16.67",585682,l,2448,"1",""
731,"1","","",31M_NE_C,20M_AN_C,l,test,"",.png,0 50,"750",l o,"","","","","",correct: Correct.  They like to play Life (L).; incorrect: Incorrect.  They like to play Life (L).,"2000",sameScreen,"","","","2",B1,T1,0 50,750,45,"16.67",591697,l,1763,"1",""
737,"4","","",45M_NE_C,26M_AN_C,o,test,"",.png,0 50,"750",l o,"","","","","",correct: Correct.  They like to play Operation (O).; incorrect: Incorrect.  They like to play Operation (O).,"2000",sameScreen,"","","","2",B2,T2,0 50,750,45,"16.82",612951,o,16994,"1",""
745,"8","","",33M_AN_C,36M_NE_C,o,test,"",.png,0 50,"750",l o,"","","","","",correct: Correct.  They like to play Operation (O).; incorrect: Incorrect.  They like to play Operation (O).,"2000",sameScreen,"","","","2",T4,B4,0 50,750,45,"16.67",624524,o,7319,"1",""
762,"8","","",36M_NE_C,33M_AN_C,o,test,"",.png,0 50,"750",l o,"","","","","",correct: Correct.  They like to play Operation (O).; incorrect: Incorrect.  They like to play Operation (O).,"2000",sameScreen,"","","","2",B4,T4,0 50,750,45,"16.67",634995,o,6228,"1",""
760,"7","","",33M_AN_C,22M_NE_C,o,test,"",.png,0 50,"750",l o,"","","","","",correct: Correct.  They like to play Operation (O).; incorrect: Incorrect.  They like to play Operation (O).,"2000",sameScreen,"","","","2",T4,B3,0 50,750,45,"16.67",673396,o,34155,"1",""
748,"1","","",20M_AN_C,31M_NE_C,l,test,"",.png,0 50,"750",l o,"","","","","",correct: Correct.  They like to play Life (L).; incorrect: Incorrect.  They like to play Life (L).,"2000",sameScreen,"","","","2",T1,B1,0 50,750,45,"16.67",679815,l,2182,"1",""
756,"5","","",22M_NE_C,27M_AN_C,l,test,"",.png,0 50,"750",l o,"","","","","",correct: Correct.  They like to play Life (L).; incorrect: Incorrect.  They like to play Life (L).,"2000",sameScreen,"","","","2",B3,T3,0 50,750,45,"16.67",692947,l,8880,"1",""
754,"4","","",26M_AN_C,45M_NE_C,o,test,"",.png,0 50,"750",l o,"","","","","",correct: Correct.  They like to play Operation (O).; incorrect: Incorrect.  They like to play Operation (O).,"2000",sameScreen,"","","","2",T2,B2,0 50,746,45,"16.67",700630,o,3441,"1",""
758,"6","","",27M_AN_C,36M_NE_C,l,test,"",.png,0 50,"750",l o,"","","","","",correct: Correct.  They like to play Life (L).; incorrect: Incorrect.  They like to play Life (L).,"2000",sameScreen,"","","","2",T3,B4,0 50,750,45,"16.67",712325,l,7453,"1",""
750,"2","","",31M_NE_C,26M_AN_C,l,test,"",.png,0 50,"750",l o,"","","","","",correct: Correct.  They like to play Life (L).; incorrect: Incorrect.  They like to play Life (L).,"2000",sameScreen,"","","","2",B1,T2,0 50,750,45,"16.59",734444,l,17880,"1",""
752,"3","","",45M_NE_C,20M_AN_C,o,test,"",.png,0 50,"750",l o,"","","","","",correct: Correct.  They like to play Operation (O).; incorrect: Incorrect.  They like to play Operation (O).,"2000",sameScreen,"","","","2",B2,T1,0 50,750,45,"16.67",742419,l,3719,"0",""
771,"4","","",45M_NE_C,26M_AN_C,o,test,"",.png,0 50,"750",l o,"","","","","",correct: Correct.  They like to play Operation (O).; incorrect: Incorrect.  They like to play Operation (O).,"2000",sameScreen,"","","","2",B2,T2,0 50,750,45,"16.67",748465,o,1799,"1",""
769,"3","","",20M_AN_C,45M_NE_C,o,test,"",.png,0 50,"750",l o,"","","","","",correct: Correct.  They like to play Operation (O).; incorrect: Incorrect.  They like to play Operation (O).,"2000",sameScreen,"","","","2",T1,B2,0 50,750,45,"16.67",753989,o,1281,"1",""
779,"8","","",33M_AN_C,36M_NE_C,o,test,"",.png,0 50,"750",l o,"","","","","",correct: Correct.  They like to play Operation (O).; incorrect: Incorrect.  They like to play Operation (O).,"2000",sameScreen,"","","","2",T4,B4,0 50,756,45,"16.67",759626,l,1380,"0",""
775,"6","","",36M_NE_C,27M_AN_C,l,test,"",.png,0 50,"750",l o,"","","","","",correct: Correct.  They like to play Life (L).; incorrect: Incorrect.  They like to play Life (L).,"2000",sameScreen,"","","","2",B4,T3,0 50,750,45,"16.67",765662,o,1782,"0",""
773,"5","","",27M_AN_C,22M_NE_C,l,test,"",.png,0 50,"750",l o,"","","","","",correct: Correct.  They like to play Life (L).; incorrect: Incorrect.  They like to play Life (L).,"2000",sameScreen,"","","","2",T3,B3,0 50,742,45,"16.81",771424,l,1520,"1",""
767,"2","","",26M_AN_C,31M_NE_C,l,test,"",.png,0 50,"750",l o,"","","","","",correct: Correct.  They like to play Life (L).; incorrect: Incorrect.  They like to play Life (L).,"2000",sameScreen,"","","","2",T2,B1,0 50,750,45,"16.67",777534,l,1864,"1",""
777,"7","","",22M_NE_C,33M_AN_C,o,test,"",.png,0 50,"750",l o,"","","","","",correct: Correct.  They like to play Operation (O).; incorrect: Incorrect.  They like to play Operation (O).,"2000",sameScreen,"","","","2",B3,T4,0 50,743,45,"16.50",783609,o,1830,"1",""
765,"1","","",31M_NE_C,20M_AN_C,l,test,"",.png,0 50,"750",l o,"","","","","",correct: Correct.  They like to play Life (L).; incorrect: Incorrect.  They like to play Life (L).,"2000",sameScreen,"","","","2",B1,T1,0 50,750,45,"16.67",789083,o,1220,"0",""
784,"2","","",31M_NE_C,26M_AN_C,l,test,"",.png,0 50,"750",l o,"","","","","",correct: Correct.  They like to play Life (L).; incorrect: Incorrect.  They like to play Life (L).,"2000",sameScreen,"","","","2",B1,T2,0 50,742,45,"16.51",794556,l,1234,"1",""
782,"1","","",20M_AN_C,31M_NE_C,l,test,"",.png,0 50,"750",l o,"","","","","",correct: Correct.  They like to play Life (L).; incorrect: Incorrect.  They like to play Life (L).,"2000",sameScreen,"","","","2",T1,B1,0 50,750,45,"16.67",800252,o,1447,"0",""
790,"5","","",22M_NE_C,27M_AN_C,l,test,"",.png,0 50,"750",l o,"","","","","",correct: Correct.  They like to play Life (L).; incorrect: Incorrect.  They like to play Life (L).,"2000",sameScreen,"","","","2",B3,T3,0 50,758,45,"16.50",806184,l,1671,"1",""
792,"6","","",27M_AN_C,36M_NE_C,l,test,"",.png,0 50,"750",l o,"","","","","",correct: Correct.  They like to play Life (L).; incorrect: Incorrect.  They like to play Life (L).,"2000",sameScreen,"","","","2",T3,B4,0 50,750,45,"16.67",812490,o,2060,"0",""
794,"7","","",33M_AN_C,22M_NE_C,o,test,"",.png,0 50,"750",l o,"","","","","",correct: Correct.  They like to play Operation (O).; incorrect: Incorrect.  They like to play Operation (O).,"2000",sameScreen,"","","","2",T4,B3,0 50,750,45,"16.85",820009,o,3271,"1",""
796,"8","","",36M_NE_C,33M_AN_C,o,test,"",.png,0 50,"750",l o,"","","","","",correct: Correct.  They like to play Operation (O).; incorrect: Incorrect.  They like to play Operation (O).,"2000",sameScreen,"","","","2",B4,T4,0 50,750,45,"16.67",826187,l,1932,"0",""
786,"3","","",45M_NE_C,20M_AN_C,o,test,"",.png,0 50,"750",l o,"","","","","",correct: Correct.  They like to play Operation (O).; incorrect: Incorrect.  They like to play Operation (O).,"2000",sameScreen,"","","","2",B2,T1,0 50,750,45,"16.67",831704,o,1274,"1",""
788,"4","","",26M_AN_C,45M_NE_C,o,test,"",.png,0 50,"750",l o,"","","","","",correct: Correct.  They like to play Operation (O).; incorrect: Incorrect.  They like to play Operation (O).,"2000",sameScreen,"","","","2",T2,B2,0 50,742,45,"16.67",837451,l,1513,"0",""
813,"8","","",33M_AN_C,36M_NE_C,o,test,"",.png,0 50,"750",l o,"","","","","",correct: Correct.  They like to play Operation (O).; incorrect: Incorrect.  They like to play Operation (O).,"2000",sameScreen,"","","","2",T4,B4,0 50,750,45,"16.67",843511,o,1806,"1",""
807,"5","","",27M_AN_C,22M_NE_C,l,test,"",.png,0 50,"750",l o,"","","","","",correct: Correct.  They like to play Life (L).; incorrect: Incorrect.  They like to play Life (L).,"2000",sameScreen,"","","","2",T3,B3,0 50,745,45,"16.49",849025,l,1276,"1",""
803,"3","","",20M_AN_C,45M_NE_C,o,test,"",.png,0 50,"750",l o,"","","","","",correct: Correct.  They like to play Operation (O).; incorrect: Incorrect.  They like to play Operation (O).,"2000",sameScreen,"","","","2",T1,B2,0 50,750,45,"16.67",854787,o,1522,"1",""
811,"7","","",22M_NE_C,33M_AN_C,o,test,"",.png,0 50,"750",l o,"","","","","",correct: Correct.  They like to play Operation (O).; incorrect: Incorrect.  They like to play Operation (O).,"2000",sameScreen,"","","","2",B3,T4,0 50,742,45,"16.56",861874,o,2849,"1",""
805,"4","","",45M_NE_C,26M_AN_C,o,test,"",.png,0 50,"750",l o,"","","","","",correct: Correct.  They like to play Operation (O).; incorrect: Incorrect.  They like to play Operation (O).,"2000",sameScreen,"","","","2",B2,T2,0 50,750,45,"16.67",868143,o,2019,"1",""
799,"1","","",31M_NE_C,20M_AN_C,l,test,"",.png,0 50,"750",l o,"","","","","",correct: Correct.  They like to play Life (L).; incorrect: Incorrect.  They like to play Life (L).,"2000",sameScreen,"","","","2",B1,T1,0 50,750,45,"16.50",874143,l,1760,"1",""
809,"6","","",36M_NE_C,27M_AN_C,l,test,"",.png,0 50,"750",l o,"","","","","",correct: Correct.  They like to play Life (L).; incorrect: Incorrect.  They like to play Life (L).,"2000",sameScreen,"","","","2",B4,T3,0 50,750,45,"16.67",880402,o,2003,"0",""
801,"2","","",26M_AN_C,31M_NE_C,l,test,"",.png,0 50,"750",l o,"","","","","",correct: Correct.  They like to play Life (L).; incorrect: Incorrect.  They like to play Life (L).,"2000",sameScreen,"","","","2",T2,B1,0 50,750,45,"16.67",886385,l,1744,"1",""
816,"1","","",20M_AN_C,31M_NE_C,l,test,"",.png,0 50,"750",l o,"","","","","",correct: Correct.  They like to play Life (L).; incorrect: Incorrect.  They like to play Life (L).,"2000",sameScreen,"","","","2",T1,B1,0 50,750,45,"16.67",892117,l,1493,"1",""
830,"8","","",36M_NE_C,33M_AN_C,o,test,"",.png,0 50,"750",l o,"","","","","",correct: Correct.  They like to play Operation (O).; incorrect: Incorrect.  They like to play Operation (O).,"2000",sameScreen,"","","","2",B4,T4,0 50,750,45,"16.67",897983,l,1613,"0",""
828,"7","","",33M_AN_C,22M_NE_C,o,test,"",.png,0 50,"750",l o,"","","","","",correct: Correct.  They like to play Operation (O).; incorrect: Incorrect.  They like to play Operation (O).,"2000",sameScreen,"","","","2",T4,B3,0 50,758,45,"16.67",903945,l,1700,"0",""
824,"5","","",22M_NE_C,27M_AN_C,l,test,"",.png,0 50,"750",l o,"","","","","",correct: Correct.  They like to play Life (L).; incorrect: Incorrect.  They like to play Life (L).,"2000",sameScreen,"","","","2",B3,T3,0 50,750,45,"16.67",910065,l,1871,"1",""
826,"6","","",27M_AN_C,36M_NE_C,l,test,"",.png,0 50,"750",l o,"","","","","",correct: Correct.  They like to play Life (L).; incorrect: Incorrect.  They like to play Life (L).,"2000",sameScreen,"","","","2",T3,B4,0 50,750,45,"16.84",916397,l,2079,"1",""
820,"3","","",45M_NE_C,20M_AN_C,o,test,"",.png,0 50,"750",l o,"","","","","",correct: Correct.  They like to play Operation (O).; incorrect: Incorrect.  They like to play Operation (O).,"2000",sameScreen,"","","","2",B2,T1,0 50,750,45,"16.67",922426,o,1775,"1",""
818,"2","","",31M_NE_C,26M_AN_C,l,test,"",.png,0 50,"750",l o,"","","","","",correct: Correct.  They like to play Life (L).; incorrect: Incorrect.  They like to play Life (L).,"2000",sameScreen,"","","","2",B1,T2,0 50,750,45,"16.67",928519,o,1843,"0",""
822,"4","","",26M_AN_C,45M_NE_C,o,test,"",.png,0 50,"750",l o,"","","","","",correct: Correct.  They like to play Operation (O).; incorrect: Incorrect.  They like to play Operation (O).,"2000",sameScreen,"","","","2",T2,B2,0 50,750,45,"16.67",934121,o,1361,"1",""
835,"2","","",26M_AN_C,31M_NE_C,l,test,"",.png,0 50,"750",l o,"","","","","",correct: Correct.  They like to play Life (L).; incorrect: Incorrect.  They like to play Life (L).,"2000",sameScreen,"","","","2",T2,B1,0 50,750,45,"16.67",941336,o,2970,"0",""
845,"7","","",22M_NE_C,33M_AN_C,o,test,"",.png,0 50,"750",l o,"","","","","",correct: Correct.  They like to play Operation (O).; incorrect: Incorrect.  They like to play Operation (O).,"2000",sameScreen,"","","","2",B3,T4,0 50,758,45,"16.67",947824,o,2234,"1",""
841,"5","","",27M_AN_C,22M_NE_C,l,test,"",.png,0 50,"750",l o,"","","","","",correct: Correct.  They like to play Life (L).; incorrect: Incorrect.  They like to play Life (L).,"2000",sameScreen,"","","","2",T3,B3,0 50,750,45,"16.67",953366,l,1293,"1",""
833,"1","","",31M_NE_C,20M_AN_C,l,test,"",.png,0 50,"750",l o,"","","","","",correct: Correct.  They like to play Life (L).; incorrect: Incorrect.  They like to play Life (L).,"2000",sameScreen,"","","","2",B1,T1,0 50,746,45,"16.84",958792,o,1190,"0",""
837,"3","","",20M_AN_C,45M_NE_C,o,test,"",.png,0 50,"750",l o,"","","","","",correct: Correct.  They like to play Operation (O).; incorrect: Incorrect.  They like to play Operation (O).,"2000",sameScreen,"","","","2",T1,B2,0 50,750,45,"16.67",963952,o,917,"1",""
839,"4","","",45M_NE_C,26M_AN_C,o,test,"",.png,0 50,"750",l o,"","","","","",correct: Correct.  They like to play Operation (O).; incorrect: Incorrect.  They like to play Operation (O).,"2000",sameScreen,"","","","2",B2,T2,0 50,742,45,"16.59",969555,o,1361,"1",""
847,"8","","",33M_AN_C,36M_NE_C,o,test,"",.png,0 50,"750",l o,"","","","","",correct: Correct.  They like to play Operation (O).; incorrect: Incorrect.  They like to play Operation (O).,"2000",sameScreen,"","","","2",T4,B4,0 50,750,45,"16.67",981757,l,7963,"0",""
843,"6","","",36M_NE_C,27M_AN_C,l,test,"",.png,0 50,"750",l o,"","","","","",correct: Correct.  They like to play Life (L).; incorrect: Incorrect.  They like to play Life (L).,"2000",sameScreen,"","","","2",B4,T3,0 50,750,45,"16.50",988016,o,2014,"0",""
852,"2","","",31M_NE_C,26M_AN_C,l,test,"",.png,0 50,"750",l o,"","","","","",correct: Correct.  They like to play Life (L).; incorrect: Incorrect.  They like to play Life (L).,"2000",sameScreen,"","","","2",B1,T2,0 50,750,45,"16.67",997792,o,5523,"0",""
856,"4","","",26M_AN_C,45M_NE_C,o,test,"",.png,0 50,"750",l o,"","","","","",correct: Correct.  They like to play Operation (O).; incorrect: Incorrect.  They like to play Operation (O).,"2000",sameScreen,"","","","2",T2,B2,0 50,750,45,"16.67",1007231,o,5188,"1",""
860,"6","","",27M_AN_C,36M_NE_C,l,test,"",.png,0 50,"750",l o,"","","","","",correct: Correct.  They like to play Life (L).; incorrect: Incorrect.  They like to play Life (L).,"2000",sameScreen,"","","","2",T3,B4,0 50,750,45,"16.67",1015841,l,4369,"1",""
864,"8","","",36M_NE_C,33M_AN_C,o,test,"",.png,0 50,"750",l o,"","","","","",correct: Correct.  They like to play Operation (O).; incorrect: Incorrect.  They like to play Operation (O).,"2000",sameScreen,"","","","2",B4,T4,0 50,756,45,"16.67",1022768,o,2672,"1",""
850,"1","","",20M_AN_C,31M_NE_C,l,test,"",.png,0 50,"750",l o,"","","","","",correct: Correct.  They like to play Life (L).; incorrect: Incorrect.  They like to play Life (L).,"2000",sameScreen,"","","","2",T1,B1,0 50,750,45,"16.67",1030978,l,3968,"1",""
862,"7","","",33M_AN_C,22M_NE_C,o,test,"",.png,0 50,"750",l o,"","","","","",correct: Correct.  They like to play Operation (O).; incorrect: Incorrect.  They like to play Operation (O).,"2000",sameScreen,"","","","2",T4,B3,0 50,750,45,"16.81",1037490,l,2255,"0",""
858,"5","","",22M_NE_C,27M_AN_C,l,test,"",.png,0 50,"750",l o,"","","","","",correct: Correct.  They like to play Life (L).; incorrect: Incorrect.  They like to play Life (L).,"2000",sameScreen,"","","","2",B3,T3,0 50,750,45,"16.67",1047318,o,5583,"0",""
854,"3","","",45M_NE_C,20M_AN_C,o,test,"",.png,0 50,"750",l o,"","","","","",correct: Correct.  They like to play Operation (O).; incorrect: Incorrect.  They like to play Operation (O).,"2000",sameScreen,"","","","2",B2,T1,0 50,750,45,"16.67",1069696,o,18136,"1",""
874,"4","","",26M_AN_C,45M_NE_C,r,test,"",.png,0 50,"750",s r,"","","","","",correct: Correct.  They like to play Risk (R).; incorrect: Incorrect.  They like to play Risk (R).,"2000",sameScreen,"","","","2",T2,B2,0 50,750,45,"16.67",1107511,s,8029,"0",""
878,"6","","",33M_AN_C,36M_NE_C,r,test,"",.png,0 50,"750",s r,"","","","","",correct: Correct.  They like to play Risk (R).; incorrect: Incorrect.  They like to play Risk (R).,"2000",sameScreen,"","","","2",T4,B4,0 50,750,45,"16.67",1115382,r,3624,"1",""
868,"1","","",37M_NE_C,40M_AN_C,s,test,"",.png,0 50,"750",s r,"","","","","",correct: Correct.  They like to play Stratego (S).; incorrect: Incorrect.  They like to play Stratego (S).,"2000",sameScreen,"","","","2",B5,T5,0 50,750,45,"16.67",1125707,s,6083,"1",""
872,"3","","",31M_NE_C,20M_AN_C,s,test,"",.png,0 50,"750",s r,"","","","","",correct: Correct.  They like to play Stratego (S).; incorrect: Incorrect.  They like to play Stratego (S).,"2000",sameScreen,"","","","2",B1,T1,0 50,750,45,"16.67",1139728,r,9779,"0",""
876,"5","","",22M_NE_C,27M_AN_C,s,test,"",.png,0 50,"750",s r,"","","","","",correct: Correct.  They like to play Stratego (S).; incorrect: Incorrect.  They like to play Stratego (S).,"2000",sameScreen,"","","","2",B3,T3,0 50,750,45,"16.67",1149662,r,5680,"0",""
870,"2","","",43M_AN_C,34M_NE_C,r,test,"",.png,0 50,"750",s r,"","","","","",correct: Correct.  They like to play Risk (R).; incorrect: Incorrect.  They like to play Risk (R).,"2000",sameScreen,"","","","2",T6,B6,0 50,747,45,"16.67",1156023,r,2111,"1",""
885,"3","","",20M_AN_C,31M_NE_C,s,test,"",.png,0 50,"750",s r,"","","","","",correct: Correct.  They like to play Stratego (S).; incorrect: Incorrect.  They like to play Stratego (S).,"2000",sameScreen,"","","","2",T1,B1,0 50,750,45,"16.67",1169590,s,9312,"1",""
881,"1","","",40M_AN_C,37M_NE_C,s,test,"",.png,0 50,"750",s r,"","","","","",correct: Correct.  They like to play Stratego (S).; incorrect: Incorrect.  They like to play Stratego (S).,"2000",sameScreen,"","","","2",T5,B5,0 50,750,45,"16.61",1176291,r,2452,"0",""
891,"6","","",36M_NE_C,33M_AN_C,r,test,"",.png,0 50,"750",s r,"","","","","",correct: Correct.  They like to play Risk (R).; incorrect: Incorrect.  They like to play Risk (R).,"2000",sameScreen,"","","","2",B4,T4,0 50,742,45,"16.67",1182398,s,1867,"0",""
889,"5","","",27M_AN_C,22M_NE_C,s,test,"",.png,0 50,"750",s r,"","","","","",correct: Correct.  They like to play Stratego (S).; incorrect: Incorrect.  They like to play Stratego (S).,"2000",sameScreen,"","","","2",T3,B3,0 50,750,45,"16.67",1189726,r,3078,"0",""
883,"2","","",34M_NE_C,43M_AN_C,r,test,"",.png,0 50,"750",s r,"","","","","",correct: Correct.  They like to play Risk (R).; incorrect: Incorrect.  They like to play Risk (R).,"2000",sameScreen,"","","","2",B6,T6,0 50,750,45,"16.49",1200188,r,6215,"1",""
887,"4","","",45M_NE_C,26M_AN_C,r,test,"",.png,0 50,"750",s r,"","","","","",correct: Correct.  They like to play Risk (R).; incorrect: Incorrect.  They like to play Risk (R).,"2000",sameScreen,"","","","2",B2,T2,0 50,750,45,"16.67",1209293,r,4858,"1",""
894,"1","","",37M_NE_C,40M_AN_C,s,test,"",.png,0 50,"750",s r,"","","","","",correct: Correct.  They like to play Stratego (S).; incorrect: Incorrect.  They like to play Stratego (S).,"2000",sameScreen,"","","","2",B5,T5,0 50,742,45,"16.67",1215490,s,1964,"1",""
898,"3","","",31M_NE_C,20M_AN_C,s,test,"",.png,0 50,"750",s r,"","","","","",correct: Correct.  They like to play Stratego (S).; incorrect: Incorrect.  They like to play Stratego (S).,"2000",sameScreen,"","","","2",B1,T1,0 50,750,45,"16.67",1221811,s,2068,"1",""
896,"2","","",43M_AN_C,34M_NE_C,r,test,"",.png,0 50,"750",s r,"","","","","",correct: Correct.  They like to play Risk (R).; incorrect: Incorrect.  They like to play Risk (R).,"2000",sameScreen,"","","","2",T6,B6,0 50,750,45,"16.49",1230161,s,4109,"0",""
904,"6","","",33M_AN_C,36M_NE_C,r,test,"",.png,0 50,"750",s r,"","","","","",correct: Correct.  They like to play Risk (R).; incorrect: Incorrect.  They like to play Risk (R).,"2000",sameScreen,"","","","2",T4,B4,0 50,742,45,"16.67",1236462,s,2068,"0",""
902,"5","","",22M_NE_C,27M_AN_C,s,test,"",.png,0 50,"750",s r,"","","","","",correct: Correct.  They like to play Stratego (S).; incorrect: Incorrect.  They like to play Stratego (S).,"2000",sameScreen,"","","","2",B3,T3,0 50,750,45,"16.67",1241852,r,1142,"0",""
900,"4","","",26M_AN_C,45M_NE_C,r,test,"",.png,0 50,"750",s r,"","","","","",correct: Correct.  They like to play Risk (R).; incorrect: Incorrect.  They like to play Risk (R).,"2000",sameScreen,"","","","2",T2,B2,0 50,756,45,"16.50",1248575,s,2459,"0",""
911,"3","","",20M_AN_C,31M_NE_C,s,test,"",.png,0 50,"750",s r,"","","","","",correct: Correct.  They like to play Stratego (S).; incorrect: Incorrect.  They like to play Stratego (S).,"2000",sameScreen,"","","","2",T1,B1,0 50,750,45,"16.67",1255085,r,2269,"0",""
917,"6","","",36M_NE_C,33M_AN_C,r,test,"",.png,0 50,"750",s r,"","","","","",correct: Correct.  They like to play Risk (R).; incorrect: Incorrect.  They like to play Risk (R).,"2000",sameScreen,"","","","2",B4,T4,0 50,750,45,"16.80",1261993,r,2665,"1",""
907,"1","","",40M_AN_C,37M_NE_C,s,test,"",.png,0 50,"750",s r,"","","","","",correct: Correct.  They like to play Stratego (S).; incorrect: Incorrect.  They like to play Stratego (S).,"2000",sameScreen,"","","","2",T5,B5,0 50,750,45,"16.67",1267950,r,1705,"0",""
909,"2","","",34M_NE_C,43M_AN_C,r,test,"",.png,0 50,"750",s r,"","","","","",correct: Correct.  They like to play Risk (R).; incorrect: Incorrect.  They like to play Risk (R).,"2000",sameScreen,"","","","2",B6,T6,0 50,750,45,"16.67",1274591,r,2388,"1",""
913,"4","","",45M_NE_C,26M_AN_C,r,test,"",.png,0 50,"750",s r,"","","","","",correct: Correct.  They like to play Risk (R).; incorrect: Incorrect.  They like to play Risk (R).,"2000",sameScreen,"","","","2",B2,T2,0 50,742,45,"16.67",1281107,s,2279,"0",""
915,"5","","",27M_AN_C,22M_NE_C,s,test,"",.png,0 50,"750",s r,"","","","","",correct: Correct.  They like to play Stratego (S).; incorrect: Incorrect.  They like to play Stratego (S).,"2000",sameScreen,"","","","2",T3,B3,0 50,750,45,"16.67",1287413,r,2051,"0",""
926,"4","","",26M_AN_C,45M_NE_C,r,test,"",.png,0 50,"750",s r,"","","","","",correct: Correct.  They like to play Risk (R).; incorrect: Incorrect.  They like to play Risk (R).,"2000",sameScreen,"","","","2",T2,B2,0 50,750,45,"16.49",1295043,s,3390,"0",""
924,"3","","",31M_NE_C,20M_AN_C,s,test,"",.png,0 50,"750",s r,"","","","","",correct: Correct.  They like to play Stratego (S).; incorrect: Incorrect.  They like to play Stratego (S).,"2000",sameScreen,"","","","2",B1,T1,0 50,750,45,"16.67",1302213,r,2928,"0",""
920,"1","","",37M_NE_C,40M_AN_C,s,test,"",.png,0 50,"750",s r,"","","","","",correct: Correct.  They like to play Stratego (S).; incorrect: Incorrect.  They like to play Stratego (S).,"2000",sameScreen,"","","","2",B5,T5,0 50,750,45,"16.67",1309450,r,2989,"0",""
928,"5","","",22M_NE_C,27M_AN_C,s,test,"",.png,0 50,"750",s r,"","","","","",correct: Correct.  They like to play Stratego (S).; incorrect: Incorrect.  They like to play Stratego (S).,"2000",sameScreen,"","","","2",B3,T3,0 50,750,45,"16.67",1315555,r,1869,"0",""
930,"6","","",33M_AN_C,36M_NE_C,r,test,"",.png,0 50,"750",s r,"","","","","",correct: Correct.  They like to play Risk (R).; incorrect: Incorrect.  They like to play Risk (R).,"2000",sameScreen,"","","","2",T4,B4,0 50,750,45,"16.67",1323504,s,3701,"0",""
922,"2","","",43M_AN_C,34M_NE_C,r,test,"",.png,0 50,"750",s r,"","","","","",correct: Correct.  They like to play Risk (R).; incorrect: Incorrect.  They like to play Risk (R).,"2000",sameScreen,"","","","2",T6,B6,0 50,750,45,"16.67",1330346,r,2601,"1",""
933,"1","","",40M_AN_C,37M_NE_C,s,test,"",.png,0 50,"750",s r,"","","","","",correct: Correct.  They like to play Stratego (S).; incorrect: Incorrect.  They like to play Stratego (S).,"2000",sameScreen,"","","","2",T5,B5,0 50,750,45,"16.67",1336195,s,1604,"1",""
937,"3","","",20M_AN_C,31M_NE_C,s,test,"",.png,0 50,"750",s r,"","","","","",correct: Correct.  They like to play Stratego (S).; incorrect: Incorrect.  They like to play Stratego (S).,"2000",sameScreen,"","","","2",T1,B1,0 50,750,45,"16.67",1343987,s,3546,"1",""
939,"4","","",45M_NE_C,26M_AN_C,r,test,"",.png,0 50,"750",s r,"","","","","",correct: Correct.  They like to play Risk (R).; incorrect: Incorrect.  They like to play Risk (R).,"2000",sameScreen,"","","","2",B2,T2,0 50,750,45,"16.67",1349430,s,1197,"0",""
943,"6","","",36M_NE_C,33M_AN_C,r,test,"",.png,0 50,"750",s r,"","","","","",correct: Correct.  They like to play Risk (R).; incorrect: Incorrect.  They like to play Risk (R).,"2000",sameScreen,"","","","2",B4,T4,0 50,758,45,"16.67",1355825,r,2134,"1",""
935,"2","","",34M_NE_C,43M_AN_C,r,test,"",.png,0 50,"750",s r,"","","","","",correct: Correct.  They like to play Risk (R).; incorrect: Incorrect.  They like to play Risk (R).,"2000",sameScreen,"","","","2",B6,T6,0 50,750,45,"16.67",1362221,r,2147,"1",""
941,"5","","",27M_AN_C,22M_NE_C,s,test,"",.png,0 50,"750",s r,"","","","","",correct: Correct.  They like to play Stratego (S).; incorrect: Incorrect.  They like to play Stratego (S).,"2000",sameScreen,"","","","2",T3,B3,0 50,750,46,"16.49",1368720,r,2255,"0",""
950,"3","","",31M_NE_C,20M_AN_C,s,test,"",.png,0 50,"750",s r,"","","","","",correct: Correct.  They like to play Stratego (S).; incorrect: Incorrect.  They like to play Stratego (S).,"2000",sameScreen,"","","","2",B1,T1,0 50,750,45,"16.67",1374698,s,1731,"1",""
948,"2","","",43M_AN_C,34M_NE_C,r,test,"",.png,0 50,"750",s r,"","","","","",correct: Correct.  They like to play Risk (R).; incorrect: Incorrect.  They like to play Risk (R).,"2000",sameScreen,"","","","2",T6,B6,0 50,750,45,"16.67",1381530,r,2581,"1",""
954,"5","","",22M_NE_C,27M_AN_C,s,test,"",.png,0 50,"750",s r,"","","","","",correct: Correct.  They like to play Stratego (S).; incorrect: Incorrect.  They like to play Stratego (S).,"2000",sameScreen,"","","","2",B3,T3,0 50,758,45,"16.67",1395994,s,10205,"1",""
952,"4","","",26M_AN_C,45M_NE_C,r,test,"",.png,0 50,"750",s r,"","","","","",correct: Correct.  They like to play Risk (R).; incorrect: Incorrect.  They like to play Risk (R).,"2000",sameScreen,"","","","2",T2,B2,0 50,750,45,"16.67",1402494,s,2261,"0",""
946,"1","","",37M_NE_C,40M_AN_C,s,test,"",.png,0 50,"750",s r,"","","","","",correct: Correct.  They like to play Stratego (S).; incorrect: Incorrect.  They like to play Stratego (S).,"2000",sameScreen,"","","","2",B5,T5,0 50,750,45,"16.85",1409494,s,2744,"1",""
956,"6","","",33M_AN_C,36M_NE_C,r,test,"",.png,0 50,"750",s r,"","","","","",correct: Correct.  They like to play Risk (R).; incorrect: Incorrect.  They like to play Risk (R).,"2000",sameScreen,"","","","2",T4,B4,0 50,750,45,"16.67",1416245,r,2506,"1",""
959,"1","","",40M_AN_C,37M_NE_C,s,test,"",.png,0 50,"750",s r,"","","","","",correct: Correct.  They like to play Stratego (S).; incorrect: Incorrect.  They like to play Stratego (S).,"2000",sameScreen,"","","","2",T5,B5,0 50,758,45,"16.67",1422380,s,1883,"1",""
963,"3","","",20M_AN_C,31M_NE_C,s,test,"",.png,0 50,"750",s r,"","","","","",correct: Correct.  They like to play Stratego (S).; incorrect: Incorrect.  They like to play Stratego (S).,"2000",sameScreen,"","","","2",T1,B1,0 50,750,45,"16.67",1428121,r,1491,"0",""
961,"2","","",34M_NE_C,43M_AN_C,r,test,"",.png,0 50,"750",s r,"","","","","",correct: Correct.  They like to play Risk (R).; incorrect: Incorrect.  They like to play Risk (R).,"2000",sameScreen,"","","","2",B6,T6,0 50,744,45,"16.85",1434529,r,2172,"1",""
965,"4","","",45M_NE_C,26M_AN_C,r,test,"",.png,0 50,"750",s r,"","","","","",correct: Correct.  They like to play Risk (R).; incorrect: Incorrect.  They like to play Risk (R).,"2000",sameScreen,"","","","2",B2,T2,0 50,750,45,"16.67",1440605,r,1831,"1",""
969,"6","","",36M_NE_C,33M_AN_C,r,test,"",.png,0 50,"750",s r,"","","","","",correct: Correct.  They like to play Risk (R).; incorrect: Incorrect.  They like to play Risk (R).,"2000",sameScreen,"","","","2",B4,T4,0 50,750,45,"16.55",1447526,r,2677,"1",""
967,"5","","",27M_AN_C,22M_NE_C,s,test,"",.png,0 50,"750",s r,"","","","","",correct: Correct.  They like to play Stratego (S).; incorrect: Incorrect.  They like to play Stratego (S).,"2000",sameScreen,"","","","2",T3,B3,0 50,750,45,"16.67",1453196,s,1430,"1",""
989,"5","","",36M_NE_C,27M_AN_C,"",test,"",.png,0 50,"0",s r,"","","","","","","","","","","","2",B4,T3,0 50,0,45,"16.67",1469521,r,5150,"",""
991,"5","","",36M_NE_C,27M_AN_C,"",test,"",.png,0 50,"750","","","",slider,1_7_1;4,"","","","","","","","2",B4,T3,0 50,750,45,"16.67",1475486,"5",3689,"",5
977,"2","","",43M_AN_C,37M_NE_C,"",test,"",.png,0 50,"0",s r,"","","","","","","","","","","","2",T6,B5,0 50,0,0,0,1481060,r,4084,"",""
979,"2","","",43M_AN_C,37M_NE_C,"",test,"",.png,0 50,"750","","","",slider,1_7_1;4,"","","","","","","","2",T6,B5,0 50,750,45,"16.67",1486288,"6",2969,"",6
981,"3","","",45M_NE_C,20M_AN_C,"",test,"",.png,0 50,"0",s r,"","","","","","","","","","","","2",B2,T1,0 50,0,0,0,1500199,s,12423,"",""
983,"3","","",45M_NE_C,20M_AN_C,"",test,"",.png,0 50,"750","","","",slider,1_7_1;4,"","","","","","","","2",B2,T1,0 50,750,45,"16.67",1503865,na,1409,"1",""
993,"6","","",33M_AN_C,22M_NE_C,"",test,"",.png,0 50,"0",s r,"","","","","","","","","","","","2",T4,B3,0 50,0,0,0,1509521,r,4156,"",""
995,"6","","",33M_AN_C,22M_NE_C,"",test,"",.png,0 50,"750","","","",slider,1_7_1;4,"","","","","","","","2",T4,B3,0 50,754,45,"16.67",1515631,"6",3855,"",6
985,"4","","",26M_AN_C,31M_NE_C,"",test,"",.png,0 50,"0",s r,"","","","","","","","","","","","2",T2,B1,0 50,0,0,0,1528464,s,11346,"",""
987,"4","","",26M_AN_C,31M_NE_C,"",test,"",.png,0 50,"750","","","",slider,1_7_1;4,"","","","","","","","2",T2,B1,0 50,757,45,"16.77",1533973,"2",3242,"",2
973,"1","","",34M_NE_C,40M_AN_C,"",test,"",.png,0 50,"0",s r,"","","","","","","","","","","","2",B6,T5,0 50,0,0,0,1543138,s,7663,"",""
975,"1","","",34M_NE_C,40M_AN_C,"",test,"",.png,0 50,"750","","","",slider,1_7_1;4,"","","","","","","","2",B6,T5,0 50,743,45,"16.82",1548348,"6",2955,"",6
998,"1","","",40M_AN_C,34M_NE_C,"",test,"",.png,0 50,"0",s r,"","","","","","","","","","","","2",T5,B6,0 50,0,0,0,1553308,s,3457,"",""
1000,"1","","",40M_AN_C,34M_NE_C,"",test,"",.png,0 50,"750","","","",slider,1_7_1;4,"","","","","","","","2",T5,B6,0 50,748,45,"16.51",1557433,"6",1878,"",6
1014,"5","","",27M_AN_C,36M_NE_C,"",test,"",.png,0 50,"0",s r,"","","","","","","","","","","","2",T3,B4,0 50,0,0,0,1565107,r,6176,"",""
1016,"5","","",27M_AN_C,36M_NE_C,"",test,"",.png,0 50,"750","","","",slider,1_7_1;4,"","","","","","","","2",T3,B4,0 50,745,45,"16.64",1571388,"5",4037,"",5
1010,"4","","",31M_NE_C,26M_AN_C,"",test,"",.png,0 50,"0",s r,"","","","","","","","","","","","2",B1,T2,0 50,0,0,0,1610063,r,37189,"",""
1012,"4","","",31M_NE_C,26M_AN_C,"",test,"",.png,0 50,"750","","","",slider,1_7_1;4,"","","","","","","","2",B1,T2,0 50,744,45,"16.56",1615414,"6",3105,"",6
1018,"6","","",22M_NE_C,33M_AN_C,"",test,"",.png,0 50,"0",s r,"","","","","","","","","","","","2",B3,T4,0 50,0,0,0,1620784,r,3883,"",""
1020,"6","","",22M_NE_C,33M_AN_C,"",test,"",.png,0 50,"750","","","",slider,1_7_1;4,"","","","","","","","2",B3,T4,0 50,757,45,"16.54",1624736,"5",1683,"",5
1006,"3","","",20M_AN_C,45M_NE_C,"",test,"",.png,0 50,"0",s r,"","","","","","","","","","","","2",T1,B2,0 50,0,0,0,1631808,s,5584,"",""
1008,"3","","",20M_AN_C,45M_NE_C,"",test,"",.png,0 50,"750","","","",slider,1_7_1;4,"","","","","","","","2",T1,B2,0 50,756,45,"16.84",1635526,na,1458,"1",""
1002,"2","","",37M_NE_C,43M_AN_C,"",test,"",.png,0 50,"0",s r,"","","","","","","","","","","","2",B5,T6,0 50,0,0,0,1641952,r,4939,"",""
1004,"2","","",37M_NE_C,43M_AN_C,"",test,"",.png,0 50,"750","","","",slider,1_7_1;4,"","","","","","","","2",B5,T6,0 50,756,45,"16.80",1648165,"6",3952,"",6
1021,"0","","","","","",form,What is your age?,"","","","","","",radio,18 years old; 19 years old; 20 years old; 21 years old; 22 years old; 23 years old; 24 years or older,"","","","","1","","","2","","","",756,0,0,1747295,18 years old,98542,0,"1"
1022,"0","","","","","",form,What was your biological sex assigned at birth?,"","","","","","",radio,Female; Male; Intersex; Prefer not to answer,"","","","","1","","","2","","","",756,45,"16.81",1747295,Female,98542,0,"1"
1023,"0","","","","","",form,"Do you consider yourself to be Hispanic, Latino, or of Spanish origin?","","","","","","",radio,Yes; No; Prefer not to answer,"","","","","1","","","2","","","",756,"","",1747295,No,98542,0,"2"
1024,"0","","","","","",form,With which racial group do you identify (select the one with which you MOST CLOSELY identify)?,"","","","","","",radio,American Indian or Alaska Native; Asian; Black or African American; Native Hawaiian or other Pacific Islander; White; More than one race; Prefer not to answer,"","","","","1","","","2","","","",756,"","",1747295,White,98542,0,"5"
1025,"0","","","","","",form,What is your current employment status?,"","","","","","",radio,Employed full-time; Employed part-time; Disabled (not working because of permanent or temporary disability); Homemaker; Full-time student; Retired; Seeking opportunities; Prefer not to answer,"","","","","1","","","2","","","",756,"","",1747295,Employed part-time,98542,0,"2"
1026,"0","","","","","",form,What is the highest level of education that your primary caregiver completed?,"","","","","","",radio,"Less than high school; High school graduate or GED; Some college or no degree; Associate degree; Bachelors degree (example: BA, AB, BS, BBA); Masters degree (example: MA, MS, MEng, MEd, MBA); Doctoral degree (example: PhD, EdD, MD, JD, DDS, DDM); Prefer not to answer","","","","","1","","","2","","","",756,"","",1747295,"Bachelors degree (example: BA, AB, BS, BBA)",98542,0,"5"
1027,"0","","","","","",form,What is the highest level of education that your secondary caregiver completed?,"","","","","","",radio,"Less than high school; High school graduate or GED; Some college or no degree; Associate degree; Bachelors degree (example: BA, AB, BS, BBA); Masters degree (example: MA, MS, MEng, MEd, MBA); Doctoral degree (example: PhD, EdD, MD, JD, DDS, DDM); Prefer not to answer","","","","","1","","","2","","","",756,"","",1747295,Associate degree,98542,0,"4"
1028,"0","","","","","",form,Would you describe your family as:,"","","","","","",radio,Low income; Lower-middle income; Middle income; Upper-middle income; High income; Prefer not to answer,"","","","","1","1","","2","","","",756,"","",1747295,Upper-middle income,98542,0,"4"
1029,"0","","","","","",form,Please respond to each question or statement by marking one box per row. <br> In the past 7 days... <p>,"","","","",Next,"",radio,Never; Rarely; Sometimes; Often; Always; Prefer not to answer,I felt fearful; I found it hard to focus on anything other than my anxiety; My worries overwhelmed me; I felt uneasy; I felt nervous; I felt like I needed help for my anxiety; I felt anxious; I felt tense,"","","","1","1","","2","","","",756,"","",2606899,Often_ Always_ Always_ Always_ Always_ Always_ Always_ Always,859037,0,4_5_5_5_5_5_5_5
1030,"0","","","","","",form,Please respond to each item by marking one box per row. <br> In the past 7 days... <p>,"","","","",Next,"",radio,Never; Rarely; Sometimes; Often; Always; Prefer not to answer,I was irritated more than people knew; I felt angry; I felt like I was ready to explode; I was grouchy; I felt annoyed,"","","","1","1","","2","","","",756,"","",2615042,Always_ Always_ Always_ Always_ Always,7573,0,5_5_5_5_5
1031,"0","","","","","",form,Please respond to each question or statement by marking one box per row. <br> In the past 7 days... <p>,"","","","",Next,"",radio,Never; Rarely; Sometimes; Often; Always; Prefer not to answer,I felt worthless; I felt helpless; I felt depressed; I felt hopeless; I felt like a failure; I felt unhappy; I felt that I had nothing to look forward to; I felt that nothing could cheer me up,"","","","1","1","","2","","","",756,"","",2625166,Always_ Always_ Always_ Always_ Always_ Always_ Always_ Always,9556,0,5_5_5_5_5_5_5_5
1032,"0","","","","","",form,Please respond to each item by marking one box per row. <br> In the past 7 days... <p>,"","","","",Next,"",radio,Not at all; A little bit; Somewhat; Quite a bit; Very much; Prefer not to answer,I felt cheerful; I felt attentive; I felt delighted; I felt happy; I felt joyful; I felt enthusiastic; I felt determined; I felt interested; I was thinking creatively; I liked myself; I felt peaceful; I felt good-natured; I felt useful; I felt understood; I felt content,"","","","1","1","","2","","","",756,"","",2662338,A little bit_ Somewhat_ A little bit_ Somewhat_ A little bit_ A little bit_ Somewhat_ A little bit_ A little bit_ A little bit_ A little bit_ Quite a bit_ Somewhat_ A little bit_ Somewhat,36564,0,2_3_2_3_2_2_3_2_2_2_2_4_3_2_3
1033,"0","","","","","",form,"The following statements describe how you may have felt or behaved during the past two weeks. <p> Please indicate how often you have felt or behaved in the following ways, DURING THE PAST TWO WEEKS, including today. Don't take too long with your answers. Your immediate response is probably the most accurate.","","","","",Next,"",radio,Never; Rarely; Sometimes; Often; Very often; Prefer not to answer,I have been grumpy; I have been feeling like I might snap; Other people have been getting on my nerves; Things have been bothering me more than they normally do; I have been feeling irritable,"","","","1","1","","2","","","",756,"","",2676374,Very often_ Very often_ Very often_ Often_ Often,13479,0,5_5_5_4_4
1034,"0","","","","","",form,Please indicate how often the following statements apply to you by selecting the appropriate description from the scale below for each item. <p>,"","","","","","",radio,Almost Never <br> (0-10%); Sometimes <br> (11-35%); About Half the Time <br> (36-65%); Most of the Time <br> (66-90%); Almost Always <br> (91-100%); Prefer not to answer,"I pay attention to how I feel.; I have no idea how I am feeling.; I have difficulty making sense out of my feelings.; I am attentive to my feelings.; I am confused about how I feel.; When Im upset, I acknowledge my emotions.","","","","1","","","2","","","",756,"","",2904320,Almost Always <br> (91-100%)_Almost Never <br> (0-10%)_ Sometimes <br> (11-35%)_ Almost Always <br> (91-100%)_ About Half the Time <br> (36-65%)_ Almost Always <br> (91-100%),227333,0,5_1_2_5_3_5
1035,"0","","","","","",form,&nbsp;,"","","","","","",radio,Almost Never <br> (0-10%); Sometimes <br> (11-35%); About Half the Time <br> (36-65%); Most of the Time <br> (66-90%); Almost Always <br> (91-100%); Prefer not to answer,"When Im upset, I become embarrassed for feeling that way.; When Im upset, I have difficulty getting work done.; When Im upset, I become out of control.; When I'm upset, I believe that I will remain that way for a long time.; When I'm upset, I believe that I'll end up feeling very depressed.; When I'm upset, I have difficulty focusing on other things.","","","","1","","","2","","","",756,"","",2904320,Sometimes <br> (11-35%)_ Most of the Time <br> (66-90%)_ About Half the Time <br> (36-65%)_ About Half the Time <br> (36-65%)_ Most of the Time <br> (66-90%)_ Almost Always <br> (91-100%),227333,0,2_4_3_3_4_5
1036,"0","","","","","",form,&nbsp;,"","","","",Next,"",radio,Almost Never <br> (0-10%); Sometimes <br> (11-35%); About Half the Time <br> (36-65%); Most of the Time <br> (66-90%); Almost Always <br> (91-100%); Prefer not to answer,"When I'm upset, I feel ashamed with myself for feeling that way.; When I'm upset, I feel guilty for feeling that way.; When I'm upset, I have difficulty concentrating.; When I'm upset, I have difficulty controlling my behaviors.; When I'm upset, I believe that wallowing in it is all I can do.; When I'm upset, I lose control over my behaviors.","","","","1","1","","2","","","",756,"","",2904320,Sometimes <br> (11-35%)_ About Half the Time <br> (36-65%)_ Almost Always <br> (91-100%)_ Most of the Time <br> (66-90%)_ Almost Always <br> (91-100%)_ Sometimes <br> (11-35%),227333,0,2_3_5_4_5_2
1037,"0","","","","","",form,"Please read each statement and choose a number 0, 1, 2 or 3 which indicates how much the statement applied to you over the past week. There are no right or wrong answers. Do not spend too much time on any statement. <br> <br> The rating scale is as follows: <br> 0 Did not apply to me at all <br> 1 Applied to me to some degree, or some of the time <br> 2 Applied to me to a considerable degree, or a good part of time <br> 3 Applied to me very much, or most of the time","","","","","","",radio,0; 1; 2; 3; Prefer not to answer,"I found it hard to wind down; I was aware of dryness of my mouth; I couldn't seem to experience any positive feeling at all; I experienced breathing difficulty (eg, excessively rapid breathing, breathlessness in the absence of physical exertion); I found it difficult to work up the initiative to do things; I tended to over-react to situations; I experienced trembling (eg, in the hands)","","","","1","","","2","","","",756,"","",2975828,1_ 3_ 2_0_ 1_ 2_ 2,70873,0,2_4_3_1_2_3_3
1038,"0","","","","","",form,&nbsp;,"","","","","","",radio,0; 1; 2; 3; Prefer not to answer,I felt that I was using a lot of nervous energy; I was worried about situations in which I might panic and make a fool of myself; I felt that I had nothing to look forward to; I found myself getting agitated; I found it difficult to relax; I felt down-hearted and blue; I was intolerant of anything that kept me from getting on with what I was doing,"","","","1","","","2","","","",756,"","",2975828,2_ 3_ 3_ 3_ 2_ 3_ 1,70873,0,3_4_4_4_3_4_2
1039,"0","","","","","",form,&nbsp;,"","","","",Next,"",radio,0; 1; 2; 3; Prefer not to answer,"I felt I was close to panic; I was unable to become enthusiastic about anything; I felt I wasn't worth much as a person; I felt that I was rather touchy; I was aware of the action of my heart in the absence of physical exertion (eg, sense of heart rate increase, heart missing a beat); I felt scared without any good reason; I felt that life was meaningless","","","","1","1","","2","","","",756,"","",2975828,2_ 2_ 2_0_0_0_ 1,70873,0,3_3_3_1_1_1_2
1040,"0","","","","","",form,Please respond to each item by marking one box per row. <p>,"","","","",Next,"",radio,Not at all; A little bit; Somewhat; Quite a bit; Very much; Prefer not to answer,I am satisfied with my ability to do things for my family.; I am satisfied with my ability to do things for fun with others.; I feel good about my ability to do things for my friends.; I am satisfied with my ability to perform my daily routines.; I am satisfied with my ability to do things for fun outside my home.; I am satisfied with my ability to meet the needs of my friends.; I am satisfied with my ability to do the work that is really important to me (include work at home).; I am satisfied with my ability to meet the needs of my family.,"","","","1","1","","2","","","",756,"","",3021522,Quite a bit_ A little bit_ Quite a bit_ A little bit_Not at all_ Very much_ A little bit_ Quite a bit,45126,0,4_2_4_2_1_5_2_4
1041,"0","","","","","",form,Routines:,"","","","","","",radio,"No change.; Mild. Change in only one area (e.g. work, education, social life, hobbies, religious activities).; Moderate. Change in two areas (e.g. work, education, social life, hobbies, religious activities).; Severe. Change in three or more areas (e.g. work, education, social life, hobbies, religious activities).; Prefer not to answer","","","","","1","",<p style='font-size:18px;'>Rate how much the Coronavirus pandemic has changed your life in each of the following ways.</p>,"2","","","",756,"","",3115482,"Moderate. Change in two areas (e.g. work, education, social life, hobbies, religious activities).",93355,0,"3"
1042,"0","","","","","",form,Family income/employment:,"","","","","","",radio,No change.; Mild. Small change; able to meet all needs and pay bills.; Moderate. Having to make cuts but able to meet basic needs and pay bills.; Severe. Unable to meet basic needs and/or pay bills.; Prefer not to answer,"","","","","1","","","2","","","",756,"","",3115482,Mild. Small change,93355,0,"2"
1043,"0","","","","","",form,Food access:,"","","","","","",radio,"No change.; Mild. Enough food but difficulty getting to stores and/or finding needed items.; Moderate. Occasionally without enough food and/or good quality (e.g., healthy) foods.; Severe. Frequently without enough food and/or good quality (e.g., healthy) foods.; Prefer not to answer","","","","","1","","","2","","","",756,"","",3115482,No change.,93355,0,"1"
1044,"0","","","","","",form,Medical health care access:,"","","","","","",radio,"No change.; Mild. Appointments moved to telehealth.; Moderate. Delays or cancellations in appointments and/or delays in getting prescriptions;\n              changes have minimal impact on health.; Severe. Unable to access needed care resulting in moderate to severe impact on health.; Prefer not to answer","","","","","1","","","2","","","",756,"","",3115482,No change.,93355,0,"1"
1045,"0","","","","","",form,Mental health treatment access:,"","","","","","",radio,"No change.; Mild. Appointments moved to telehealth.; Moderate. Delays or cancellations in appointments and/or delays in getting prescriptions;\n              changes have minimal impact.; Severe. Unable to access needed care resulting in severe risk and/or significant impact.; Prefer not to answer","","","","","1","","","2","","","",756,"","",3115482,Severe. Unable to access needed care resulting in severe risk and/or significant impact.,93355,0,"5"
1046,"0","","","","","",form,Access to extended family and non-family social supports:,"","","","","","",radio,"No change.; Mild. Continued visits with social distancing and/or regular phone calls and/or televideo or\n              social media contacts.; Moderate. Loss of in person and remote contact with a few people, but not all supports.; Severe. Loss of in person and remote contact with all supports.; Prefer not to answer","","","","","1","","","2","","","",756,"","",3115482,"Moderate. Loss of in person and remote contact with a few people, but not all supports.",93355,0,"3"
1047,"0","","","","","",form,Experiences of stress related to coronavirus pandemic:,"","","","","","",radio,"None; Mild. Occasional worries and/or minor stress-related symptoms (e.g., feel a little anxious, sad,\n              and/or angry, mild/rare trouble sleeping).; Moderate. Frequent worries and/or moderate stress-related symptoms (e.g., feel moderately\n              anxious, sad, and/or angry, moderate/occasional trouble sleeping).; Severe. Persistent worries and/or severe stress-related symptoms (e.g., feel extremely anxious, sad, and/or angry, severe/frequent trouble sleeping).; Prefer not to answer","","","","","1","","","2","","","",756,"","",3115482,"Severe. Persistent worries and/or severe stress-related symptoms (e.g., feel extremely anxious, sad, and/or angry, severe/frequent trouble sleeping).",93355,0,"4"
1048,"0","","","","","",form,Stress and discord in the family:,"","","","","","",radio,"None; Mild. Family members occasionally short-tempered with one another; no physical violence.; Moderate. Family members frequently short-tempered with one another; and/or children in the\n              home getting in physical fights with one another.; Severe. Family members frequently short-tempered with one another and adults in the home throwing things at one another, and/or knocking over furniture, and/or hitting and/or harming one another.; Prefer not to answer","","","","","1","","","2","","","",756,"","",3115482,Mild. Family members occasionally short-tempered with one another,93355,0,"2"
1049,"0","","","","","",form,Personal diagnsosis of cornovirus:,"","","","","","",radio,None; Mild. Symptoms effectively managed at home.; Moderate. Symptoms severe and required brief hospitalization.; Severe. Symptoms severe and required ventilation.; Prefer not to answer,"","","","","1","","","2","","","",756,"","",3115482,None,93355,0,"1"
1050,"0","","","","","",form,Number of immediate family members diagnosed with coronavirus:,"","","","","","",radio,0; 1-2; 3-4; 5 or more; Prefer not to answer,"","","","","1","","","2","","","",756,"","",3115482,"0",93355,0,"1"
1051,"0","","","","","",form,Rate the symptoms of the person who was most sick:,"","","","","","",radio,None; Mild. Symptoms effectively managed at home.; Moderate. Symptoms severe and required brief hospitalization.; Severe. Symptoms severe and required ventilation.; Immediate family member died from coronavirus.; Prefer not to answer,"","","","","1","","","2","","","",756,"","",3115482,None,93355,0,"1"
1052,"0","","","","","",form,Number of extended family member(s) and/or close friends diagnosed with coronavirus:,"","","","","","",radio,0; 1-2; 3-4; 5 or more; Prefer not to answer,"","","","","1","","","2","","","",756,"","",3115482,1-2,93355,0,"2"
1053,"0","","","","","",form,Rate the symptoms of the person who was most sick:,"","","","",Next,"",radio,None; Mild. Symptoms effectively managed at home.; Moderate. Symptoms severe and required brief hospitalization.; Severe. Symptoms severe and required ventilation.; Extended family member and/or close friend died of coronavirus.; Prefer not to answer,"","","","","1","1","","2","","","",756,"","",3115482,Mild. Symptoms effectively managed at home.,93355,0,"2"
1054,"0","","","","","",form,"Nicotine/Tobacco (including cigarettes, electronic cigarettes, or vapes)?","","","","","","",radio,Never; Once or twice; Monthly; Weekly or more; Prefer not to answer,"","","","","1","","<p style='font-size:18px;'>The following questions will ask about your use, if any, of alcohol, tobacco, and other drugs. Please answer every question by selecting your choice.  In the past year, how many times have you used:</p>","2","","","",756,"","",3151061,Weekly or more,35010,0,"4"
1055,"0","","","","","",form,Alcohol?,"","","","","","",radio,Never; Once or twice; Monthly; Weekly or more; Prefer not to answer,"","","","","1","","","2","","","",756,"","",3151061,Monthly,35010,0,"3"
1056,"0","","","","","",form,"Marijuana (such as smoking, vaping or edibles)?","","","","","","",radio,Never; Once or twice; Monthly; Weekly or more; Prefer not to answer,"","","","","1","","","2","","","",756,"","",3151061,Weekly or more,35010,0,"4"
1057,"0","","","","","",form,Prescription drugs that were not prescribed for you (such as pain medication or Adderall)?,"","","","","","",radio,Never; Once or twice; Monthly; Weekly or more; Prefer not to answer,"","","","","1","","","2","","","",756,"","",3151061,Never,35010,0,"1"
1058,"0","","","","","",form,"Illegal drugs (such as cocaine, Ecstasy or Molly)?","","","","","","",radio,Never; Once or twice; Monthly; Weekly or more; Prefer not to answer,"","","","","1","","","2","","","",756,"","",3151061,Once or twice,35010,0,"2"
1059,"0","","","","","",form,Inhalants (such as nitrous oxide)?,"","","","","","",radio,Never; Once or twice; Monthly; Weekly or more; Prefer not to answer,"","","","","1","","","2","","","",756,"","",3151061,Never,35010,0,"1"
1060,"0","","","","","",form,"Herbs or synthetic drugs (such as salvia, 'K2', or bath salts)?","","","","","","",radio,Never; Once or twice; Monthly; Weekly or more; Prefer not to answer,"","","","","1","","","2","","","",756,"","",3151061,Never,35010,0,"1"
1061,"0","","","","","",form,"In the past year, how many times you vaped anything including, nicotine, marijuana, or just flavoring?","","","","","","",radio,Never; Once or twice; Monthly; Weekly or more; Prefer not to answer,"","","","","1","","","2","","","",756,"","",3151061,Weekly or more,35010,0,"4"
1062,"0","","","","","",form,Which of the following have you vaped? (choose all that apply),"","","","",Next,"",checkboxes,Nicotine; Marijuana; Just flavoring; None,"","","","","1","1","","2","","","",756,"","",3151061,Nicotine; Marijuana,35010,0,1;2
1063,"0","","","","","",form,BEAST,"","","","","","",radio,afraid; words; large; animal; separate,"","","","","1","",<p style='font-size:18px;'>Each of the following questions consists of a word in capital letters followed by five words or phrases.  Select the one word or phrase that means most nearly the same as the word in capital letters.</p>,"2","","","",756,"","",3265146,animal,113432,0,"4"
1064,"0","","","","","",form,ADHESIVE,"","","","","","",radio,glue; puissance; tradition; argument; latent,"","","","","1","","","2","","","",756,"","",3265146,glue,113432,0,"1"
1065,"0","","","","","",form,DREARY,"","","","","","",radio,old; bloom; gloomy; correct; possible,"","","","","1","","","2","","","",756,"","",3265146,gloomy,113432,0,"3"
1066,"0","","","","","",form,MEAGER,"","","","","","",radio,level; burnt; new; bare; peevish,"","","","","1","","","2","","","",756,"","",3265146,bare,113432,0,"4"
1067,"0","","","","","",form,ADHERENCE,"","","","","","",radio,existence; devotion; relation; slippery; proof,"","","","","1","","","2","","","",756,"","",3265146,devotion,113432,0,"2"
1068,"0","","","","","",form,DEPRECATE,"","","","","","",radio,quite; clean; hate; save; help,"","","","","1","","","2","","","",756,"","",3265146,hate,113432,0,"3"
1069,"0","","","","","",form,HALCYON,"","","","","","",radio,plain; eclectic; inhuman; stirring; peaceful,"","","","","1","","","2","","","",756,"","",3265146,peaceful,113432,0,"5"
1070,"0","","","","","",form,PACHYDERM,"","","","","","",radio,giraffe; ostrich; platypus; elephant; whale,"","","","","1","","","2","","","",756,"","",3265146,platypus,113432,0,"3"
1071,"0","","","","","",form,TRUTH,"","","","","","",radio,neighbor; criminal; midnight; offering; fact,"","","","","1","","","2","","","",756,"","",3265146,fact,113432,0,"5"
1072,"0","","","","","",form,REJOICE,"","","","","","",radio,conserve; risk; revel; automatic; slash,"","","","","1","","","2","","","",756,"","",3265146,revel,113432,0,"3"
1073,"0","","","","","",form,POTATION,"","","","","","",radio,disappearance; drink; farming; rivalry; game,"","","","","1","","","2","","","",756,"","",3265146,farming,113432,0,"3"
1074,"0","","","","","",form,PIQAUNT,"","","","","","",radio,expert; steam; nosy; flavorful; hurt,"","","","","1","","","2","","","",756,"","",3265146,expert,113432,0,"1"
1075,"0","","","","","",form,ACOLYTE,"","","","","","",radio,musician; savior; church helper; manager; speak,"","","","","1","","","2","","","",756,"","",3265146,manager,113432,0,"4"
1076,"0","","","","","",form,COVENANT,"","","","","","",radio,pact; noise; agent; ceremony; aria,"","","","","1","","","2","","","",756,"","",3265146,pact,113432,0,"1"
1077,"0","","","","","",form,DORMANT,"","","","","","",radio,insane; latent; swimming; cave; mortal,"","","","","1","","","2","","","",756,"","",3265146,mortal,113432,0,"5"
1078,"0","","","","","",form,CRUEL,"","","","","","",radio,mobile; pliant; pensive; mean; passive,"","","","","1","","","2","","","",756,"","",3265146,mean,113432,0,"4"
1079,"0","","","","","",form,HERMETIC,"","","","","","",radio,completely sealed; purple; reclusive; princely; peppery,"","","","","1","","","2","","","",756,"","",3265146,reclusive,113432,0,"3"
1080,"0","","","","","",form,CHUCKLE,"","","","","","",radio,laugh; haul; valuable; stub; prod,"","","","","1","","","2","","","",756,"","",3265146,laugh,113432,0,"1"
1081,"0","","","","","",form,ABATTOIR,"","","","","","",radio,hawk; killing place; slot; culprit; stronghold,"","","","","1","","","2","","","",756,"","",3265146,culprit,113432,0,"4"
1082,"0","","","","","",form,VITTLES,"","","","","","",radio,conversation; avoidance; belief; prayer; food,"","","","","1","","","2","","","",756,"","",3265146,belief,113432,0,"3"
1083,"0","","","","","",form,SKIRMISH,"","","","","","",radio,compete; travel; sail; abentee; fight,"","","","","1","","","2","","","",756,"","",3265146,fight,113432,0,"5"